actual_price,predicted_price,error,absolute_error
3056.76,3182.87,126.10999999999967,126.10999999999967
2005.05,2021.795,16.74500000000012,16.74500000000012
3299.06,3298.722222222222,-0.33777777777777374,0.33777777777777374
2256.04,2146.105,-109.93499999999995,109.93499999999995
2722.71,2863.3,140.59000000000015,140.59000000000015
3012.86,2837.9,-174.96000000000004,174.96000000000004
3135.26,3066.8,-68.46000000000004,68.46000000000004
2549.66,3047.69,498.0300000000002,498.0300000000002
2303.14,2273.7099999999996,-29.43000000000029,29.43000000000029
2780.58,2809.4049999999997,28.824999999999818,28.824999999999818
2999.81,3057.79,57.98000000000002,57.98000000000002
2732.72,2801.12,68.40000000000009,68.40000000000009
3080.45,3113.99,33.539999999999964,33.539999999999964
4351.16,4387.83,36.67000000000007,36.67000000000007
2353.29,2218.5116666666668,-134.7783333333332,134.7783333333332
3926.01,4096.39,170.3800000000001,170.3800000000001
4066.77,4097.21,30.440000000000055,30.440000000000055
3770.42,3841.42,71.0,71.0
2208.08,2256.3810000000003,48.301000000000386,48.301000000000386
1987.28,1916.7416666666666,-70.53833333333341,70.53833333333341
4649.43,4711.01,61.57999999999993,61.57999999999993
3934.51,4050.4,115.88999999999987,115.88999999999987
3477.91,3371.56,-106.34999999999991,106.34999999999991
2642.63,2530.99,-111.64000000000033,111.64000000000033
3006.98,3445.6853333333333,438.70533333333333,438.70533333333333
2053.26,2036.0700000000002,-17.190000000000055,17.190000000000055
2642.25,2673.98,31.730000000000018,31.730000000000018
3002.39,3025.1983333333337,22.80833333333385,22.80833333333385
1725.41,1706.4413333333334,-18.96866666666665,18.96866666666665
3317.83,3355.76,37.93000000000029,37.93000000000029
3364.22,3406.4579999999996,42.23799999999983,42.23799999999983
2364.13,2434.05,69.92000000000007,69.92000000000007
2119.23,2124.7,5.4699999999998,5.4699999999998
2039.7,2102.411538461538,62.711538461537884,62.711538461537884
3218.19,3013.2533333333336,-204.9366666666665,204.9366666666665
2034.24,2021.795,-12.444999999999936,12.444999999999936
2188.7,2124.7,-64.0,64.0
3295.33,3295.7,0.36999999999989086,0.36999999999989086
1783.86,1706.4413333333334,-77.41866666666647,77.41866666666647
3012.33,3047.69,35.36000000000013,35.36000000000013
4177.55,4092.8,-84.75,84.75
3097.36,3036.91,-60.45000000000027,60.45000000000027
2225.53,2243.97,18.4399999999996,18.4399999999996
2403.31,2083.28,-320.02999999999975,320.02999999999975
2514.57,2548.85,34.279999999999745,34.279999999999745
2611.37,2694.11,82.74000000000024,82.74000000000024
2881.71,3025.1983333333337,143.48833333333369,143.48833333333369
2481.7,2406.33,-75.36999999999989,75.36999999999989
3336.79,3368.5625,31.772500000000036,31.772500000000036
3471.82,3399.15,-72.67000000000007,72.67000000000007
2025.84,2102.411538461538,76.57153846153801,76.57153846153801
4190.58,4148.9,-41.68000000000029,41.68000000000029
4422.34,4343.02,-79.31999999999971,79.31999999999971
3848.44,3640.67,-207.76999999999998,207.76999999999998
2472.75,2256.3810000000003,-216.3689999999997,216.3689999999997
2769.23,2730.755,-38.47499999999991,38.47499999999991
2384.06,2152.71,-231.3499999999999,231.3499999999999
2125.69,2073.4900000000002,-52.19999999999982,52.19999999999982
2688.98,2428.62,-260.3600000000001,260.3600000000001
2221.23,2261.175714285714,39.945714285714075,39.945714285714075
2088.67,2261.175714285714,172.50571428571402,172.50571428571402
3507.76,3585.233333333333,77.4733333333329,77.4733333333329
2052.29,2249.91,197.6199999999999,197.6199999999999
3041.27,3013.2533333333336,-28.016666666666424,28.016666666666424
4451.43,4429.01,-22.420000000000073,22.420000000000073
3053.84,2962.153333333333,-91.68666666666695,91.68666666666695
4231.48,4533.11,301.6300000000001,301.6300000000001
2490.26,2406.33,-83.93000000000029,83.93000000000029
2598.42,2505.74,-92.68000000000029,92.68000000000029
3699.34,3746.75,47.409999999999854,47.409999999999854
4131.02,4123.69,-7.330000000000837,7.330000000000837
2891.03,2737.54,-153.49000000000024,153.49000000000024
2678.9,2683.59,4.690000000000055,4.690000000000055
2117.09,2146.105,29.014999999999873,29.014999999999873
4114.95,4813.64,698.6900000000005,698.6900000000005
2339.02,2256.3810000000003,-82.63899999999967,82.63899999999967
2916.48,3047.69,131.21000000000004,131.21000000000004
3721.9,3445.6853333333333,-276.21466666666674,276.21466666666674
3038.99,3057.79,18.800000000000182,18.800000000000182
4051.05,4105.63,54.57999999999993,54.57999999999993
3845.63,3747.01,-98.61999999999989,98.61999999999989
4430.89,4402.93,-27.960000000000036,27.960000000000036
2323.75,2152.71,-171.03999999999996,171.03999999999996
3158.48,3057.79,-100.69000000000005,100.69000000000005
3468.72,3469.63,0.9100000000003092,0.9100000000003092
2124.44,2352.58,228.13999999999987,228.13999999999987
3874.74,4060.61,185.87000000000035,185.87000000000035
2577.1,2554.05,-23.049999999999727,23.049999999999727
2184.05,2177.75,-6.300000000000182,6.300000000000182
3330.39,3368.5625,38.17250000000013,38.17250000000013
3221.52,3253.72,32.19999999999982,32.19999999999982
2736.25,2758.3725000000004,22.1225000000004,22.1225000000004
4058.87,4200.89,142.02000000000044,142.02000000000044
2365.79,2380.4449999999997,14.654999999999745,14.654999999999745
2728.5,2622.815,-105.68499999999995,105.68499999999995
3025.14,3535.79,510.6500000000001,510.6500000000001
1960.66,1987.1299999999999,26.4699999999998,26.4699999999998
2238.89,2261.175714285714,22.28571428571422,22.28571428571422
4303.91,4229.47,-74.4399999999996,74.4399999999996
2991.0,3182.87,191.8699999999999,191.8699999999999
4751.72,4389.78,-361.9400000000005,361.9400000000005
2365.08,2453.64,88.55999999999995,88.55999999999995
3695.31,3476.56,-218.75,218.75
2398.19,2314.58,-83.61000000000013,83.61000000000013
2176.14,2249.91,73.76999999999998,73.76999999999998
1790.42,1833.9666666666665,43.5466666666664,43.5466666666664
2844.02,2891.81,47.789999999999964,47.789999999999964
2838.91,2809.4049999999997,-29.50500000000011,29.50500000000011
2938.79,2759.91,-178.8800000000001,178.8800000000001
1930.1,1848.0833333333333,-82.01666666666665,82.01666666666665
2079.33,2261.175714285714,181.84571428571417,181.84571428571417
3005.97,3123.61,117.64000000000033,117.64000000000033
2552.92,2521.4919999999997,-31.42800000000034,31.42800000000034
3060.5,3059.28,-1.2199999999998,1.2199999999998
1818.8,2102.411538461538,283.611538461538,283.611538461538
3252.43,3298.722222222222,46.292222222222335,46.292222222222335
2210.41,2220.76,10.350000000000364,10.350000000000364
2087.09,2146.105,59.01499999999987,59.01499999999987
2355.67,2256.3810000000003,-99.28899999999976,99.28899999999976
3038.61,3057.79,19.179999999999836,19.179999999999836
4058.79,4086.16,27.36999999999989,27.36999999999989
2800.36,2614.53,-185.82999999999993,185.82999999999993
2941.23,3057.79,116.55999999999995,116.55999999999995
3578.06,3767.09,189.0300000000002,189.0300000000002
1917.89,2012.677142857143,94.78714285714295,94.78714285714295
2818.0,2596.05,-221.94999999999982,221.94999999999982
2298.05,2261.175714285714,-36.87428571428609,36.87428571428609
2149.38,2177.75,28.36999999999989,28.36999999999989
2999.81,2965.4533333333334,-34.35666666666657,34.35666666666657
1961.21,1987.1299999999999,25.919999999999845,25.919999999999845
2904.67,2943.71,39.039999999999964,39.039999999999964
2017.64,2067.42,49.77999999999997,49.77999999999997
4091.64,4110.71,19.070000000000164,19.070000000000164
3172.97,3162.63,-10.33999999999969,10.33999999999969
3622.59,3198.53,-424.05999999999995,424.05999999999995
2127.07,2318.201428571429,191.13142857142884,191.13142857142884
2526.73,2443.3100000000004,-83.41999999999962,83.41999999999962
1897.76,1796.5529999999999,-101.20700000000011,101.20700000000011
2121.87,2102.411538461538,-19.45846153846196,19.45846153846196
3087.49,2968.79,-118.69999999999982,118.69999999999982
3777.82,3816.09,38.26999999999998,38.26999999999998
1887.97,1916.7416666666666,28.771666666666533,28.771666666666533
3051.19,2954.17,-97.01999999999998,97.01999999999998
4832.62,4711.01,-121.60999999999967,121.60999999999967
4922.89,4984.62,61.72999999999956,61.72999999999956
2995.14,3120.75,125.61000000000013,125.61000000000013
2109.37,2102.411538461538,-6.958461538461961,6.958461538461961
3311.92,3371.56,59.63999999999987,59.63999999999987
2758.73,2682.37,-76.36000000000013,76.36000000000013
2747.21,2665.23,-81.98000000000002,81.98000000000002
2877.38,2816.41,-60.970000000000255,60.970000000000255
4433.14,4533.15,100.00999999999931,100.00999999999931
2514.28,2453.06,-61.220000000000255,61.220000000000255
1820.71,1848.0833333333333,27.37333333333322,27.37333333333322
2758.36,2801.12,42.75999999999976,42.75999999999976
2204.29,2073.4900000000002,-130.79999999999973,130.79999999999973
3045.3,3172.83,127.52999999999975,127.52999999999975
3687.31,3535.79,-151.51999999999998,151.51999999999998
3238.81,3245.72,6.9099999999998545,6.9099999999998545
3330.21,3110.96,-219.25,219.25
2434.37,2383.37,-51.0,51.0
2291.89,2318.201428571429,26.311428571429133,26.311428571429133
3639.8,3703.08,63.279999999999745,63.279999999999745
2551.22,2682.37,131.1500000000001,131.1500000000001
3279.94,3298.722222222222,18.782222222222117,18.782222222222117
1888.72,2102.411538461538,213.6915384615379,213.6915384615379
1858.63,1706.4413333333334,-152.18866666666668,152.18866666666668
3208.17,3202.06,-6.110000000000127,6.110000000000127
3010.96,2948.094,-62.865999999999985,62.865999999999985
2213.43,2256.3810000000003,42.95100000000048,42.95100000000048
1967.38,2036.0700000000002,68.69000000000005,68.69000000000005
1985.17,1987.1299999999999,1.959999999999809,1.959999999999809
4268.19,4012.01,-256.1799999999994,256.1799999999994
2808.48,2831.04,22.559999999999945,22.559999999999945
3150.69,3123.61,-27.079999999999927,27.079999999999927
2643.55,2622.815,-20.735000000000127,20.735000000000127
2006.17,1916.7416666666666,-89.42833333333351,89.42833333333351
2813.52,2943.71,130.19000000000005,130.19000000000005
1919.7,1987.1299999999999,67.42999999999984,67.42999999999984
3563.3,3396.8,-166.5,166.5
3137.94,2979.73,-158.21000000000004,158.21000000000004
2985.1,2875.48,-109.61999999999989,109.61999999999989
2808.63,2695.3,-113.32999999999993,113.32999999999993
3202.25,3025.1983333333337,-177.05166666666628,177.05166666666628
1857.24,2102.411538461538,245.17153846153792,245.17153846153792
2369.51,2554.05,184.53999999999996,184.53999999999996
2473.45,2318.201428571429,-155.2485714285708,155.2485714285708
2948.04,3025.1983333333337,77.15833333333376,77.15833333333376
3954.75,3457.7299999999996,-497.02000000000044,497.02000000000044
3521.89,3465.56,-56.32999999999993,56.32999999999993
2626.64,2635.64,9.0,9.0
3156.86,3186.46,29.59999999999991,29.59999999999991
2907.03,2596.05,-310.98,310.98
2757.64,2548.85,-208.78999999999996,208.78999999999996
3992.96,3832.94,-160.01999999999998,160.01999999999998
1817.89,1833.9666666666665,16.07666666666637,16.07666666666637
2911.43,2861.7,-49.73000000000002,49.73000000000002
3826.4,3640.67,-185.73000000000002,185.73000000000002
3007.01,3036.91,29.899999999999636,29.899999999999636
4198.69,4012.01,-186.67999999999938,186.67999999999938
